排名,片名,分数,评价人数,简评,导演,主演,年份,国家/地区,类型
1,肖申克的救赎/TheShawshankRedemption/月黑高飞(港)/刺激1995(台),9.7,1948578,希望让人自由。, 弗兰克・德拉邦特 Frank Darabont, 蒂姆・罗宾斯 Tim Robbins /...,1994,美国,犯罪 剧情
2,霸王别姬/再见，我的妾/FarewellMyConcubine,9.6,1436355,风华绝代。, 陈凯歌 Kaige Chen, 张国荣 Leslie Cheung / 张丰毅 Fengyi Zha...,1993,中国大陆 中国香港,剧情 爱情 同性
3,阿甘正传/ForrestGump/福雷斯特・冈普,9.5,1479138,一部美国近现代史。, 罗伯特・泽米吉斯 Robert Zemeckis, 汤姆・汉克斯 Tom Hanks / ...,1994,美国,剧情 爱情
4,这个杀手不太冷/Léon/杀手莱昂/终极追杀令(台),9.4,1673662,怪蜀黍和小萝莉不得不说的故事。, 吕克・贝松 Luc Besson, 让・雷诺 Jean Reno / 娜塔莉・波特曼 ...,1994,法国,剧情 动作 犯罪
5,美丽人生/Lavitaèbella/一个快乐的传说(港)/LifeIsBeautiful,9.5,935012,最美的谎言。, 罗伯托・贝尼尼 Roberto Benigni, 罗伯托・贝尼尼 Roberto Beni...,1997,意大利,剧情 喜剧 爱情 战争
6,泰坦尼克号/Titanic/铁达尼号(港/台),9.4,1425964,失去的才是永恒的。, 詹姆斯・卡梅隆 James Cameron, 莱昂纳多・迪卡普里奥 Leonardo...,1997,美国,剧情 爱情 灾难
7,千与千寻/千と千い紊耠Lし/神隐少女(台)/千与千寻的神隐,9.3,1524900,最好的宫崎骏，最好的久石让。, 宫崎骏 Hayao Miyazaki, 艾美 Rumi H?ragi / 入野自由 Miy...,2001,日本,剧情 动画 奇幻
8,辛德勒的名单/Schindler'sList/舒特拉的名单(港)/辛德勒名单,9.5,755023,拯救一个人，就是拯救整个世界。, 史蒂文・斯皮尔伯格 Steven Spielberg, 连姆・尼森 Liam Neeson...,1993,美国,剧情 历史 战争
9,盗梦空间/Inception/潜行凶间(港)/全面启动(台),9.3,1421390,诺兰给了我们一场无法盗取的梦。, 克里斯托弗・诺兰 Christopher Nolan, 莱昂纳多・迪卡普里奥 Le...,2010,美国 英国,剧情 科幻 悬疑 冒险
10,忠犬八公的故事/Hachi:ADog'sTale/忠犬小八(台)/秋田犬八千(港),9.4,980589,永远都不能忘记你所爱的人。, 莱塞・霍尔斯道姆 Lasse Hallstr?m, 理查・基尔 Richard Ger...,2009,美国 英国,剧情
11,海上钢琴师/Laleggendadelpianistasull'oceano/声光伴我飞(港)/一九零零的传奇,9.3,1181883,每个人都要走一条自己坚定了的路，就算是粉身碎骨。, 朱塞佩・托纳多雷 Giuseppe Tornatore, 蒂姆・罗斯 Tim Roth / ...,1998,意大利,剧情 音乐
12,机器人总动员/WALL・E/瓦力(台)/太空奇兵・威E(港),9.3,937389,小瓦力，大人生。, 安德鲁・斯坦顿 Andrew Stanton, 本・贝尔特 Ben Burtt / 艾丽...,2008,美国,科幻 动画 冒险
13,三傻大闹宝莱坞/3Idiots/三个傻瓜(台)/作死不离3兄弟(港),9.2,1309780,英俊版憨豆，高情商版谢耳朵。, 拉库马・希拉尼 Rajkumar Hirani, 阿米尔・汗 Aamir Khan / 卡...,2009,印度,剧情 喜剧 爱情 歌舞
14,楚门的世界/TheTrumanShow/真人Show(港)/真人戏,9.3,1044628,如果再也不能见到你，祝你早安，午安，晚安。, 彼得・威尔 Peter Weir, 金・凯瑞 Jim Carrey / 劳拉・琳妮 Lau...,1998,美国,剧情 科幻
15,放牛班的春天/Leschoristes/歌声伴我心(港)/唱诗班男孩,9.3,912242,天籁一般的童声，是最接近上帝的存在。, 克里斯托夫・巴拉蒂 Christophe Barratier, 热拉尔・朱尼奥 Gé...,2004,法国 瑞士 德国,剧情 音乐
16,星际穿越/Interstellar/星际启示录(港)/星际效应(台),9.3,1053748,爱是一种力量，让我们超越时空感知它的存在。, 克里斯托弗・诺兰 Christopher Nolan, 马修・麦康纳 Matthew Mc...,2014,美国 英国 加拿大 冰岛,剧情 科幻 冒险
17,大话西游之大圣娶亲/西[大Y局之仙履奇/西游记完结篇仙履奇缘/齐天大圣西游记,9.2,1031296,一生所爱。, 刘镇伟 Jeffrey Lau, 周星驰 Stephen Chow / 吴孟达 Man Tat Ng...,1995,中国香港 中国大陆,喜剧 爱情 奇幻 古装
18,熔炉/???/无声呐喊(港)/漩涡,9.3,633108,我们一路奋战不是为了改变世界，而是为了不让世界改变我们。, 黄东赫 Dong-hyuk Hwang, 孔侑 Yoo Gong / 郑有美 Yu-mi Jung /...,2011,韩国,剧情
19,疯狂动物城/Zootopia/优兽大都会(港)/动物方城市(台),9.2,1224786,迪士尼给我们营造的乌托邦就是这样，永远善良勇敢，永远出乎意料。, 拜伦・霍华德 Byron Howard / 瑞奇・摩尔 Rich Moore, 金妮弗・...,2016,美国,喜剧 动画 冒险
20,无间道/og道/InfernalAffairs/Mougaandou,9.2,840245,香港电影史上永不过时的杰作。, 刘伟强 / 麦兆辉, 刘德华 / 梁朝伟 / 黄秋生,2002,中国香港,剧情 犯罪 悬疑
21,龙猫/となりのトトロ/邻居托托罗/邻家的豆豆龙,9.2,878905,人人心中都有个龙猫，童年就永远不会消失。, 宫崎骏 Hayao Miyazaki, 日高法子 Noriko Hidaka / 坂本千夏 Ch...,1988,日本,动画 奇幻 冒险
22,教父/TheGodfather/MarioPuzo'sTheGodfather,9.3,642882,千万不要记恨你的对手，这样会让你失去理智。, 弗朗西斯・福特・科波拉 Francis Ford Coppola, 马龙・白兰度 M...,1972,美国,剧情 犯罪
23,当幸福来敲门/ThePursuitofHappyness/寻找快乐的故事(港)/追求快乐,9.1,1049328,平民励志片。, 加布里尔・穆奇诺 Gabriele Muccino, 威尔・史密斯 Will Smith ...,2006,美国,剧情 传记 家庭
24,怦然心动/Flipped/萌动青春/青春萌动,9.1,1214191,真正的幸福是来自内心深处。, 罗伯・莱纳 Rob Reiner, 玛德琳・卡罗尔 Madeline Carroll / 卡...,2010,美国,剧情 喜剧 爱情
25,触不可及/Intouchables/闪亮人生(港)/逆转人生(台),9.2,685594,满满温情的高雅喜剧。, 奥利维・那卡什 Olivier Nakache / 艾力克・托兰达 Eric Toledano,.,2011,法国,剧情 喜剧
26,蝙蝠侠：黑暗骑士/TheDarkKnight/蝙蝠侠前传2：黑暗骑士/黑暗骑士(台),9.2,706462,无尽的黑暗。, 克里斯托弗・诺兰 Christopher Nolan, 克里斯蒂安・贝尔 Christ...,2008,美国 英国,剧情 动作 科幻 犯罪 惊悚
27,控方证人/WitnessfortheProsecution/雄才伟略/情妇,9.6,267155,比利・怀德满分作品。, 比利・怀尔德 Billy Wilder, 泰隆・鲍华 Tyrone Power / 玛琳・...,1957,美国,剧情 犯罪 悬疑
28,活着/人生/Lifetimes,9.2,545919,张艺谋最好的电影。, 张艺谋 Yimou Zhang, 葛优 You Ge / 巩俐 Li Gong / 姜武 Wu Jiang,1994,中国大陆 中国香港,剧情 历史 家庭
29,乱世佳人/GonewiththeWind/飘,9.3,468822,Tomorrow is another day., 维克多・弗莱明 Victor Fleming / 乔治・库克 George Cukor, 费...,1939,美国,剧情 历史 爱情 战争
30,寻梦环游记/Coco/可可夜总会(台)/玩转极乐园(港),9.1,1020168,死亡不是真的逝去，遗忘才是永恒的消亡。, 李・昂克里奇 Lee Unkrich / 阿德里安・莫利纳 Adrian Molina, ...,2017,美国,喜剧 动画 奇幻 音乐
31,末代皇帝/TheLastEmperor/末代皇帝溥仪(港),9.2,484293,“不要跟我比惨，我比你更惨”再适合这部电影不过了。, 贝纳尔多・贝托鲁奇 Bernardo Bertolucci, 尊龙 John Lone / 陈...,1987,英国 意大利 中国大陆 法国,剧情 传记 历史
32,摔跤吧！爸爸/Dangal/我和我的冠军女儿(台)/打死不离3父女(港),9,1067780,你不是在为你一个人战斗，你要让千千万万的女性看到女生并不是只能相夫教子。, 涅提・蒂瓦里 Nitesh Tiwari, 阿米尔・汗 Aamir Khan / 法缇玛...,2016,印度,剧情 传记 运动 家庭
33,少年派的奇幻漂流/LifeofPi/少年Pi的奇幻漂流/漂流少年Pi,9.1,996597,瑰丽壮观、无人能及的冒险之旅。, 李安 Ang Lee, 苏拉・沙玛 Suraj Sharma / 伊尔凡・可汗 Irrfan...,2012,美国 中国台湾 英国 加拿大,剧情 奇幻 冒险
34,指环王3：王者无敌/TheLordoftheRings:TheReturnoftheKing/魔戒三部曲：王者再临(台/港),9.2,516509,史诗的终章。, 彼得・杰克逊 Peter Jackson, 维果・莫腾森 Viggo Mortensen / ...,2003,美国 新西兰,剧情 动作 奇幻 冒险
35,飞屋环游记/Up/冲天救兵(港)/天外奇迹(台),9,924850,最后那些最无聊的事情，才是最值得怀念的。, 彼特・道格特 Pete Docter / 鲍勃・彼德森 Bob Peterson, 爱德...,2009,美国,剧情 喜剧 动画 冒险
36,何以为家/????????/迦百农/星仔打官司(港),9.1,608281,凝视卑弱生命，用电影改变命运。, 娜丁・拉巴基 Nadine Labaki, 扎因・拉费阿 Zain al-Rafeea / ...,2018,黎巴嫩 法国 美国,剧情
37,十二怒汉/12AngryMen/12怒汉/十二怒汉,9.4,311451,1957年的理想主义。, Sidney Lumet, 亨利・方达 Henry Fonda / 马丁・鲍尔萨姆 Marti...,1957,美国,剧情
38,鬼子来了/DevilsontheDoorstep,9.2,427462,对敌人的仁慈，就是对自己残忍。, 姜文 Wen Jiang, 姜文 Wen Jiang / 香川照之 Teruyuki Kagawa /...,2000,中国大陆,剧情 历史 战争
39,天空之城/天空の城ラピュタ/Tenk?noshiroRapyuta/Laputa:CastleintheSky,9.1,587235,对天空的追逐，永不停止。, 宫崎骏 Hayao Miyazaki, 田中真弓 Mayumi Tanaka / 横泽启子 Ke...,1986,日本,动画 奇幻 冒险
40,大话西游之月光宝盒/西[第壹佰零壹回之月光盒/西游记101回月光宝盒/齐天大圣东游记,9,828510,旷古烁今。, 刘镇伟 Jeffrey Lau, 周星驰 Stephen Chow / 吴孟达 Man Tat Ng...,1995,中国香港 中国大陆,喜剧 爱情 奇幻 古装
41,哈尔的移动城堡/ハウルの婴城/哈尔移动城堡(港)/呼啸山城,9,671752,带着心爱的人在天空飞翔。, 宫崎骏 Hayao Miyazaki, 倍赏千惠子 Chieko Baish? / 木村拓...,2004,日本,动画 奇幻 冒险
42,天堂电影院/NuovoCinemaParadiso/星光伴我心(港)/新天堂乐园(台),9.2,465323,那些吻戏，那些青春，都在影院的黑暗里被泪水冲刷得无比清晰。, 朱塞佩・托纳多雷 Giuseppe Tornatore, 安东内拉・阿蒂利 Anton...,1988,意大利 法国,剧情 爱情
43,素媛/??/许愿/希望：为爱重生(台),9.2,419779,受过伤害的人总是笑得最开心，因为他们不愿意让身边的人承受一样的痛苦。, 李F益 Jun-ik Lee, 薛景求 Kyung-gu Sol / 严志媛 Ji-won Uhm ...,2013,韩国,剧情
44,罗马假日/RomanHoliday/金枝玉叶(港)/罗马假期(台),9,677530,爱情哪怕只有一天。, 威廉・惠勒 William Wyler, 奥黛丽・赫本 Audrey Hepburn / 格...,1953,美国,喜剧 剧情 爱情
45,闻香识女人/ScentofaWoman/女人香/女人的芳香,9.1,588348,史上最美的探戈。, 马丁・布莱斯 Martin Brest, 阿尔・帕西诺 Al Pacino / 克里斯...,1992,美国,剧情
46,辩护人/???/逆权大状(港)/正义辩护人(台),9.2,419363,电影的现实意义大过电影本身。, 杨宇硕 Woo-seok Yang, 宋康昊 Kang-ho Song / 金英爱 Yeong-ae...,2013,韩国,剧情
47,搏击俱乐部/FightClub/搏击会(港)/斗阵俱乐部(台),9,615576,邪恶与平庸蛰伏于同一个母体，在特定的时间互相对峙。, 大卫・芬奇 David Fincher, 爱德华・诺顿 Edward Norton / 布拉...,1999,美国 德国,剧情 动作 悬疑 惊悚
48,哈利・波特与魔法石/HarryPotterandtheSorcerer'sStone/哈利波特1：神秘的魔法石(港/台),9,623756,童话世界的开端。, Chris Columbus, Daniel Radcliffe / Emma Watson / Rupert Grint,2001,美国 英国,奇幻 冒险
49,死亡诗社/DeadPoetsSociety/暴雨骄阳(港)/春风化雨(台),9.1,482299,当一个死水般的体制内出现一个活跃的变数时，所有的腐臭都站在了光明的对面。, 彼得・威尔 Peter Weir, 罗宾・威廉姆斯 Robin Williams / 罗伯...,1989,美国,剧情
50,我不是药神/中国药神/印度药神,9,1437520,对我们国家而言，这样的电影多一部是一部。, 文牧野 Muye Wen, 徐峥 Zheng Xu / 王传君 Chuanjun Wang / 周...,2018,中国大陆,剧情 喜剧
51,教父2/TheGodfather:PartⅡ/教父续集/教父II,9.2,354669,优雅的孤独。, 弗朗西斯・福特・科波拉 Francis Ford Coppola, 阿尔・帕西诺 A...,1974,美国,剧情 犯罪
52,窃听风暴/DasLebenderAnderen/窃听者(港)/他人的生活,9.1,397132,别样人生。," 弗洛里安・亨克尔・冯・多纳斯马尔克 Florian Henckel von Donnersmarck??&n...
2006?/?德国?/?剧情 悬疑",,2006,德国,剧情 悬疑
53,狮子王/TheLionKing/狮子王3D,9,546275,动物版《哈姆雷特》。, Roger Allers / 罗伯・明可夫 Rob Minkoff, 乔纳森・泰勒・托马...,1994,美国,动画 冒险 歌舞
54,指环王2：双塔奇兵/TheLordoftheRings:TheTwoTowers/魔戒二部曲：双城奇谋/指环王II：双塔,9.1,473157,承前启后的史诗篇章。, 彼得・杰克逊 Peter Jackson, 伊利亚・伍德 Elijah Wood / 西恩...,2002,美国 新西兰,剧情 动作 奇幻 冒险
55,大闹天宫/大闹天宫上下集/TheMonkeyKing,9.3,256970,经典之作，历久弥新。, 万籁鸣 Laiming Wan / 唐澄 Cheng Tang, 邱岳峰 Yuefeng Qiu /...,1961 / 1964 / 1978 / 2004,中国大陆,动画 奇幻
56,指环王1：魔戒再现/TheLordoftheRings:TheFellowshipoftheRing/魔戒首部曲：魔戒现身/指环王I：护戒使者,9,532145,传说的开始。, 彼得・杰克逊 Peter Jackson, 伊利亚・伍德 Elijah Wood / 西恩...,2001,新西兰 美国,剧情 动作 奇幻 冒险
57,"两杆大烟枪/Lock,StockandTwoSmokingBarrels/够姜四小强(港)/两根枪管(台)",9.1,421429,4个臭皮匠顶个诸葛亮，盖・里奇果然不是盖的。, Guy Ritchie, Jason Flemyng / Dexter Fletcher / Nick Moran,1998,英国,剧情 喜剧 犯罪
58,美丽心灵/ABeautifulMind/有你终生美丽(港)/美丽境界(台),9,522940,爱是一切逻辑和原由。, 朗・霍华德 Ron Howard, 罗素・克劳 Russell Crowe / 艾德・哈...,2001,美国,传记 剧情
59,飞越疯人院/OneFlewOvertheCuckoo'sNest/飞越杜鹃窝(台)/飞越喜鹊巢,9.1,420288,自由万岁。, 米洛斯・福尔曼 Milo? Forman, 杰克・尼科尔森 Jack Nichols...,1975,美国,剧情
60,饮食男女/食男女/EatDrinkManWoman,9.1,387813,人生不能像做菜，把所有的料都准备好了才下锅。, 李安 Ang Lee, 郎雄 Sihung Lung / 杨贵媚 Kuei-Mei Yang / 吴...,1994,中国台湾 美国,剧情 家庭
61,V字仇杀队/VforVendetta/V煞(港)/V怪客(台),8.9,738179,一张面具背后的理想与革命。, 詹姆斯・麦克特格 James McTeigue, 娜塔莉・波特曼 Natalie Por...,2005,美国 英国 德国,剧情 动作 科幻 惊悚
62,黑客帝国/TheMatrix/廿二世纪杀人网络(港)/骇客任务(台),9,532191,视觉革命。, 安迪・沃卓斯基 Andy Wachowski / 拉娜・沃卓斯基 Lana Wachowski,.,1999,美国 澳大利亚,动作 科幻
63,猫鼠游戏/CatchMeIfYouCan/逍遥法外/神鬼交锋(台),9,535503,骗子大师和执著警探的你追我跑故事。, 史蒂文・斯皮尔伯格 Steven Spielberg, 莱昂纳多・迪卡普里奥 L...,2002,美国 加拿大,传记 犯罪 剧情
64,钢琴家/ThePianist/战地琴声(台)/战地琴人,9.2,350502,音乐能化解仇恨。, 罗曼・波兰斯基 Roman Polanski, 艾德里安・布洛迪 Adrien Brod...,2002,法国 德国 英国 波兰,剧情 传记 历史 战争 音乐
65,本杰明・巴顿奇事/TheCuriousCaseofBenjaminButton/奇幻逆缘(港)/班杰明的奇幻旅程(台),8.9,683374,在时间之河里感受溺水之苦。, 大卫・芬奇 David Fincher, 凯特・布兰切特 Cate Blanchett / ...,2008,美国,剧情 爱情 奇幻
66,看不见的客人/Contratiempo/丫(台)/死无对证(港),8.8,793402,你以为你以为的就是你以为的。, 奥里奥尔・保罗 Oriol Paulo, 马里奥・卡萨斯 Mario Casas / 阿...,2016,西班牙,剧情 犯罪 悬疑 惊悚
67,让子弹飞/让子弹飞一会儿/火烧云,8.8,1110640,你给我翻译翻译，神马叫做TMD的惊喜。, 姜文 Wen Jiang, 姜文 Wen Jiang / 葛优 You Ge / 周润发 Yun-F...,2010,中国大陆 中国香港,剧情 喜剧 动作 西部
68,西西里的美丽传说/Malèna/真爱伴我行(台)/玛莲娜,8.9,669425,美丽无罪。, 朱塞佩・托纳多雷 Giuseppe Tornatore, 莫妮卡・贝鲁奇 Monica ...,2000,意大利 美国,剧情 战争 情色
69,海豚湾/TheCove/血色海湾(台)/海湾,9.3,278060,海豚的微笑，是世界上最高明的伪装。, 路易・西霍尤斯 Louie Psihoyos, Richard O'Barry / 路易・西霍...,2009,美国,纪录片
70,小鞋子/???????????/天堂的孩子/小童鞋,9.2,272223,奔跑的孩子是天使。, 马基德・马基迪 Majid Majidi, 法拉赫阿米尔・哈什米安 Amir Fa...,1997,伊朗,剧情 儿童 家庭
71,拯救大兵瑞恩/SavingPrivateRyan/雷霆救兵(港)/抢救雷恩大兵(台),9,441506,美利坚精神输出大片No1., 史蒂文・斯皮尔伯格 Steven Spielberg, 汤姆・汉克斯 Tom Hanks...,1998,美国,剧情 历史 战争
72,情书/LoveLetter/WhenICloseMyEyes/LettersofLove,8.9,628930,暗恋的极致。, 岩井俊二 Shunji Iwai, 中山美穗 Miho Nakayama / 丰川悦司 Ets...,1995,日本,剧情 爱情
73,音乐之声/TheSoundofMusic/仙乐飘飘处处闻(港)/真善美(台),9,408846,用音乐化解仇恨，让歌声串起美好。, 罗伯特・怀斯 Robert Wise, 朱莉・安德鲁斯 Julie Andrews / 克...,1965,美国,剧情 传记 爱情 歌舞
74,美国往事/OnceUponaTimeinAmerica/四海兄弟(台)/义薄云天(港),9.2,290845,往事如烟，无处祭奠。, 赛尔乔・莱翁内 Sergio Leone, 罗伯特・德尼罗 Robert De Niro ...,1984,美国 意大利,犯罪 剧情
75,穿条纹睡衣的男孩/TheBoyintheStripedPajamas/穿条纹衣服的男孩/穿条纹衣的男孩,9.1,334691,尽管有些不切实际的幻想，这部电影依旧是一部感人肺腑的佳作。, 马克・赫尔曼 Mark Herman, 阿萨・巴特菲尔德 Asa Butterfield ...,2008,英国 美国,剧情 战争
76,致命魔术/ThePrestige/顶尖对决(台)/死亡魔法(港),8.9,584288,孪生蝙蝠侠大战克隆金刚狼。, 克里斯托弗・诺兰 Christopher Nolan, 休・杰克曼 Hugh Jackman...,2006,美国 英国,剧情 悬疑 惊悚
77,绿皮书/GreenBook/绿簿旅友(港)/幸福绿皮书(台),8.9,1018448,去除成见，需要勇气。, 彼得・法雷里 Peter Farrelly, 维果・莫腾森 Viggo Mortensen /...,2018,美国,剧情 喜剧 传记
78,七宗罪/Se7en/火线追缉令(台)/7宗罪,8.8,681663,警察抓小偷，老鼠玩死猫。, 大卫・芬奇 David Fincher, 摩根・弗里曼 Morgan Freeman / 布...,1995,美国,剧情 犯罪 悬疑 惊悚
79,低俗小说/PulpFiction/黑色追令(台)/危险人物(港),8.8,580720,故事的高级讲法。, 昆汀・塔伦蒂诺 Quentin Tarantino, 约翰・特拉沃尔塔 John Tra...,1994,美国,剧情 喜剧 犯罪
80,沉默的羔羊/TheSilenceoftheLambs/沉默的羔羊,8.8,577866,安东尼・霍普金斯的顶级表演。, 乔纳森・戴米 Jonathan Demme, 朱迪・福斯特 Jodie Foster / 安...,1991,美国,剧情 犯罪 惊悚
81,蝴蝶效应/TheButterflyEffect/蝴蝶效应,8.8,643146,人的命运被自己瞬间的抉择改变。, 埃里克・布雷斯 Eric Bress / J・麦基・格鲁伯 J. Mackye Gruber,.,2004,美国 加拿大,剧情 悬疑 科幻 惊悚
82,被嫌弃的松子的一生/嫌われ松子の一生/花样奇缘(港)/令人讨厌的松子的一生(台),8.9,519802,以戏谑来戏谑戏谑。, 中岛哲也 Tetsuya Nakashima, 中谷美纪 Miki Nakatani / 瑛太 E...,2006,日本,剧情 歌舞
83,海蒂和爷爷/Heidi/飘零燕(港)/海蒂,9.2,236626,如果生活中有什么使你感到快乐，那就去做吧！不要管别人说什么。, 阿兰・葛斯彭纳 Alain Gsponer, 阿努克・斯特芬 Anuk Steffen /...,2015,德国 瑞士 南非,剧情 冒险 家庭
84,春光乍泄/春光乍/一起快乐/HappyTogether,8.9,432491,爱情纠缠，男女一致。, 王家卫 Kar Wai Wong, 张国荣 Leslie Cheung / 梁朝伟 Tony Leu...,1997,中国香港 日本 韩国,剧情 爱情 同性
85,禁闭岛/ShutterIsland/不赦岛(港)/隔离岛(台),8.8,640614,昔日翩翩少年，今日大腹便便。, Martin Scorsese, 莱昂纳多・迪卡普里奥 Leonardo DiCaprio / ...,2010,美国,剧情 悬疑 惊悚
86,心灵捕手/GoodWillHunting/骄阳似我(港)/心灵捕手,8.9,479695,人生中应该拥有这样的一段豁然开朗。, 格斯・范・桑特 Gus Van Sant, 马特・达蒙 Matt Damon / 罗宾・...,1997,美国,剧情
87,布达佩斯大饭店/TheGrandBudapestHotel/布达佩斯大酒店(港)/欢迎来到布达佩斯大饭店(台),8.8,606998,小清新的故事里注入了大历史的情怀。, 韦斯・安德森 Wes Anderson, 拉尔夫・费因斯 Ralph Fiennes / ...,2014,美国 德国 英国,剧情 喜剧 冒险
88,剪刀手爱德华/EdwardScissorhands/幻海奇缘(港)/剪刀手爱德华,8.7,780626,浪漫忧郁的成人童话。, 蒂姆・波顿 Tim Burton, 约翰尼・德普 Johnny Depp / 薇诺娜・...,1990,美国,剧情 奇幻 爱情
89,阿凡达/Avatar/天神下凡(港)/化身,8.7,922767,绝对意义上的美轮美奂。, 詹姆斯・卡梅隆 James Cameron, 萨姆・沃辛顿 Sam Worthington ...,2009,美国 英国,动作 科幻 冒险
90,勇敢的心/Braveheart/惊世未了缘(港)/梅尔吉勃逊之英雄本色(台),8.9,434376,史诗大片的典范。, 梅尔・吉布森 Mel Gibson, 梅尔・吉布森 Mel Gibson / 苏菲・玛...,1995,美国,动作 传记 剧情 历史 战争
91,"摩登时代/ModernTimes/TheMasses/Tempsmodernes,Les",9.3,189155,大时代中的人生，小人物的悲喜。, 查理・卓别林 Charles Chaplin, 查理・卓别林 Charles Chaplin ...,1936,美国,剧情 喜剧 爱情
92,天使爱美丽/Lefabuleuxdestind'AméliePoulain/艾蜜莉的异想世界(台)/天使艾米莉,8.7,748165,法式小清新。, 让-皮埃尔・热内 Jean-Pierre Jeunet, 奥黛丽・塔图 Audrey Tau...,2001,法国 德国,喜剧 爱情
93,加勒比海盗/PiratesoftheCaribbean:TheCurseoftheBlackPearl/加勒比海盗1：黑珍珠号的诅咒/神鬼奇航：鬼盗船魔咒(台),8.7,611249,约翰尼・德普的独角戏。, 戈尔・维宾斯基 Gore Verbinski, 约翰尼・德普 Johnny Depp / ...,2003,美国,动作 冒险 奇幻
94,喜剧之王/喜≈王/KingofComedy,8.7,638066,我是一个演员。, 周星驰 Stephen Chow / 李力持 Lik-Chi Lee, 周星驰 Stephen Ch...,1999,中国香港,喜剧 剧情 爱情
95,致命ID/Identity/杀人游戏/致命身份,8.8,537148,最不可能的那个人永远是最可能的。, 詹姆斯・曼高德 James Mangold, 约翰・库萨克 John Cusack / 雷...,2003,美国,剧情 悬疑 惊悚
96,断背山/BrokebackMountain/断臂山/BBM,8.8,518746,每个人心中都有一座断背山。, 李安 Ang Lee, 希斯・莱杰 Heath Ledger / 杰克・吉伦哈尔 Jake...,2005,美国 加拿大,剧情 爱情 同性 家庭
97,杀人回忆/?????/谋杀回忆/杀手回忆录,8.8,441732,关于连环杀人悬案的集体回忆。, 奉俊昊 Joon-ho Bong, 宋康昊 Kang-ho Song / 金相庆 Sang-kyun...,2003,韩国,剧情 动作 犯罪 悬疑 惊悚
98,幽灵公主/もののけ/魔法公主(台)/幽灵少女,8.9,381273,人与自然的战争史诗。, 宫崎骏 Hayao Miyazaki, 松田洋治 Y?ji Matsuda / 石田百合...,1997,日本,动画 奇幻 冒险
99,狩猎/Jagten/谎言的烙印(台)/诬网(港),9.1,237624,人言可畏。, 托马斯・温特伯格 Thomas Vinterberg, 麦斯・米科尔森 Mads Mik...,2012,丹麦 瑞典,剧情
100,入殓师/おくりびと/礼仪师之奏鸣曲(港)/礼仪师(台),8.8,440483,死可能是一道门，逝去并不是终结，而是超越，走向下一程。, 泷田洋二郎 Y?jir? Takita, 本木雅弘 Masahiro Motoki / ...,2008,日本,剧情
101,阳光灿烂的日子/IntheHeatoftheSun,8.8,437735,一场华丽的意淫。, 姜文 Wen Jiang, 夏雨 Yu Xia / 宁静 Jing Ning / 陶虹 Hong Tao,1994,中国大陆 中国香港,剧情 爱情
102,重庆森林/重c森林/ChungkingExpress,8.7,550024,寂寞没有期限。, 王家卫 Kar Wai Wong, 林青霞 Brigitte Lin / 金城武 Takeshi K...,1994,中国香港,剧情 爱情
103,请以你的名字呼唤我/CallMebyYourName/以你的名字呼唤我(港/台),8.9,421039,沉醉在电影的情感和视听氛围中无法自拔。, 卢卡・瓜达尼诺 Luca Guadagnino, 艾米・汉莫 Armie Hammer / ...,2017,意大利 法国 巴西 美国 荷兰 德国,剧情 爱情 同性
104,第六感/TheSixthSense/灵异第六感/鬼眼,8.9,376732,深入内心的恐怖，出人意料的结局。, M・奈特・沙马兰 M. Night Shyamalan, 布鲁斯・威利斯 Bruce Wi...,1999,美国,剧情 悬疑 惊悚
105,哈利・波特与死亡圣器(下)/HarryPotterandtheDeathlyHallows:Part2/哈利波特7：死神的圣物2(港/台),8.8,505855,10年的完美句点。, 大卫・叶茨 David Yates, 丹尼尔・雷德克里夫 Daniel Radcliffe...,2011,美国 英国,奇幻 冒险
106,小森林夏秋篇/リトル?フォレスト夏?秋/小森食光/夏秋篇(台),9,281990,那些静得只能听见呼吸的日子里，你明白孤独即生活。, 森淳一 Junichi Mori, 桥本爱 Ai Hashimoto / 三浦贵大 Takahir...,2014,日本,剧情
107,7号房的礼物/7?????/戆爸的礼物(港)/7号囚房的礼物,8.9,348812,《我是山姆》的《美丽人生》。, 李焕庆 Hwan-kyeong Lee, 柳承龙 Seung-yong Ryoo / 朴信惠 Shi...,2013,韩国,剧情 喜剧 家庭
108,消失的爱人/GoneGirl/失踪的女孩/失踪女孩,8.7,619310,年度最佳date movie。, 大卫・芬奇 David Fincher, 本・阿弗莱克 Ben Affleck / 罗莎蒙...,2014,美国,剧情 犯罪 悬疑 惊悚
109,红辣椒/パプリカ/盗梦侦探/帕布莉卡,9,262790,梦的勾结。, 今敏 Satoshi Kon, 林原惠美 Megumi Hayashibara / 江守彻 Toru...,2006,日本,动画 悬疑 科幻 惊悚
110,玛丽和马克思/MaryandMax/巧克力情缘(台)/同是天涯寂寞客,8.9,323172,你是我最好的朋友，你是我唯一的朋友 。, 亚当・艾略特 Adam Elliot, 托妮・科莱特 Toni Collette / 菲利...,2009,澳大利亚,剧情 喜剧 动画
111,爱在黎明破晓前/BeforeSunrise/情留半天(港)/爱在黎明破晓时(台),8.8,401398,缘分是个连绵词，最美不过一瞬。, 理查德・林克莱特 Richard Linklater, 伊桑・霍克 Ethan Hawke ...,1995,美国 奥地利 瑞士,剧情 爱情
112,小森林冬春篇/リトル?フォレスト冬?春/小森食光/冬春篇(台),9,248340,尊敬他人，尊敬你生活的这片土地，明白孤独是人生的常态。, 森淳一 Junichi Mori, 桥本爱 Ai Hashimoto / 三浦贵大 Takahir...,2015,日本,剧情
113,侧耳倾听/耳をすませば/心之谷(台)/梦幻街少女(港),8.9,310664,少女情怀总是诗。, 近藤喜文 Yoshifumi Kondo, 本名阳子 Youko Honna / 小林桂树 K...,1995,日本,剧情 爱情 动画
114,告白/自白/母亲,8.7,523207,没有一人完全善，也没有一人完全恶。, 中岛哲也 Tetsuya Nakashima, 松隆子 Takako Matsu / 冈田将生 ...,2010,日本,剧情 惊悚
115,一一/Yiyi/Yiyi:AOneandaTwo,9,241323,我们都曾经是一一。, 杨德昌 Edward Yang, 吴念真 / 李凯莉 Kelly Lee / 金燕玲 Elai...,2000,中国台湾 日本,剧情 爱情 家庭
116,大鱼/BigFish/大鱼奇缘(港)/大智若鱼(台),8.8,405379,抱着梦想而活着的人是幸福的，怀抱梦想而死去的人是不朽的。, 蒂姆・波顿 Tim Burton, 伊万・麦克格雷格 Ewan McGregor / 阿...,2003,美国,剧情 家庭 奇幻 冒险
117,阳光姐妹淘/??/阳光姊妹淘(港)/桑尼,8.8,441314,再多各自牛逼的时光，也比不上一起傻逼的岁月。, 姜炯哲 Hyeong-Cheol Kang, 沈恩京 Eun-kyung Shim / 闵孝琳 Hy...,2011,韩国,剧情 喜剧
118,唐伯虎点秋香/唐伯虎c秋香/FlirtingScholar,8.6,689475,华太师是黄，吴镇宇四大才子之一。, 李力持 Lik-Chi Lee, 周星驰 Stephen Chow / 巩俐 Li Gong / 陈...,1993,中国香港,喜剧 爱情 古装
119,蝙蝠侠：黑暗骑士崛起/TheDarkKnightRises/蝙蝠侠前传3：黑暗骑士崛起/黑暗骑士：黎明升起(台),8.8,493400,诺兰就是保证。, 克里斯托弗・诺兰 Christopher Nolan, 克里斯蒂安・贝尔 Christ...,2012,美国 英国,剧情 动作 科幻 犯罪 惊悚
120,射雕英雄传之东成西就/射m英雄髦|成西就/东成西就/大英雄(日本),8.7,451443,百看不厌。, 刘镇伟 Jeffrey Lau, 梁朝伟 Tony Leung Chiu Wai / 林青霞 Bri...,1993,中国香港,喜剧 奇幻 武侠 古装
121,倩女幽魂/倩女幽魂(87版)/倩女幽魂：妖魔道,8.7,488063,两张绝世的脸。, 程小东 Siu-Tung Ching, 张国荣 Leslie Cheung / 王祖贤 Joey W...,1987,中国香港,爱情 奇幻 武侠 古装
122,超脱/Detachment/人间师格(台),8.9,312019,穷尽一生，我们要学会的，不过是彼此拥抱。, 托尼・凯耶 Tony Kaye, 艾德里安・布洛迪 Adrien Brody / 马西...,2011,美国,剧情
123,甜蜜蜜/Comrades:AlmostaLoveStory,8.8,355055,相逢只要一瞬间，等待却像是一辈子。, 陈可辛 Peter Chan, 黎明 Leon Lai / 张曼玉 Maggie Cheung / ...,1996,中国香港,剧情 爱情
124,驯龙高手/HowtoTrainYourDragon/驯龙记(港),8.7,524159,和谐的生活离不开摸头与被摸头。, 迪恩・德布洛斯 Dean DeBlois / 克里斯・桑德斯 Chris Sanders,...,2010,美国,动画 奇幻 冒险
125,萤火之森/w火の杜へ/萤火之社/Hotarubinomorie,8.9,332239,触不到的恋人。, 大森贵弘 Takahiro Omori, 佐仓绫音 Ayane Sakura / 内山昂辉 K...,2011,日本,剧情 爱情 动画 奇幻
126,恐怖直播/??????/死亡“动”新闻(港)/恐怖攻击直播(台),8.8,428432,恐怖分子的“秋菊打官司”。, 金秉v Byeong-woo Kim, 河正宇 Jung-woo Ha / 李Z荣 Kyeong-y...,2013,韩国,剧情 犯罪 悬疑
127,菊次郎的夏天/菊次郎の夏/Kikujir?nonatsu/菊次郎的夏天,8.8,348166,从没见过那么流氓的温柔，从没见过那么温柔的流氓。, 北野武 Takeshi Kitano, 北野武 Takeshi Kitano / 关口雄介 Yus...,1999,日本,剧情 喜剧
128,幸福终点站/TheTerminal/机场客运站(港)/航站情缘(台),8.8,370450,有时候幸福需要等一等。, 史蒂文・斯皮尔伯格 Steven Spielberg, 汤姆・汉克斯 Tom Hanks...,2004,美国,喜剧 剧情 爱情
129,超能陆战队/BigHero6/大英雄联盟(港)/大英雄天团(台),8.7,677105,Balalala~~~, 唐・霍尔 Don Hall / 克里斯・威廉姆斯 Chris Williams, 斯科特...,2014,美国,喜剧 动作 科幻 动画 冒险
130,无人知晓/lも知らない/谁知赤子心(港)/无人知晓的夏日清晨(台),9.1,179527,我的平常生活就是他人的幸福。, 是枝裕和 Hirokazu Koreeda, 柳乐优弥 Y?ya Yagira / 北浦爱...,2004,日本,剧情
131,爱在日落黄昏时/BeforeSunset/日落巴黎(港)/爱在日落巴黎时(台),8.8,342834,九年后的重逢是世俗和责任的交叠，没了悸动和青涩，沧桑而温暖。, 理查德・林克莱特 Richard Linklater, 伊桑・霍克 Ethan Hawke ...,2004,美国 法国,剧情 爱情
132,借东西的小人阿莉埃蒂/借りぐらしのアリエッティ/借物少女艾莉缇(台)/借东西的小矮人亚莉亚蒂(港),8.8,368690,曾经的那段美好会沉淀为一辈子的记忆。, 米林宏昌 Hiromasa Yonebayashi, 志田未来 Mirai Shida / 神木...,2010,日本,动画 奇幻 冒险
133,神偷奶爸/DespicableMe/卑鄙的我/坏蛋奖门人(港),8.6,678413,Mr. I Don't Care其实也有Care的时候。, 皮艾尔・柯芬 Pierre Coffin / 克里斯・雷纳德 Chris Renaud, ...,2010,美国 法国,喜剧 动画 冒险
134,"怪兽电力公司/Monsters,Inc./怪兽公司(港)/怪物公司",8.7,440445,不要给它起名字，起了名字就有感情了。, 彼特・道格特 Pete Docter / 大卫・斯沃曼 David Silverman, 约...,2001,美国,儿童 喜剧 动画 奇幻 冒险
135,完美的世界/APerfectWorld/强盗保镳,9.1,167532,坏人的好总是比好人的好来得更感人。, 克林特・伊斯特伍德 Clint Eastwood, 凯文・科斯特纳 Kevin Cos...,1993,美国,剧情 犯罪
136,玩具总动员3/ToyStory3/反斗奇兵3(港)/玩具的故事3,8.8,342080,跨度十五年的欢乐与泪水。, 李・昂克里奇 Lee Unkrich, 汤姆・汉克斯 Tom Hanks / 蒂姆・艾...,2010,美国,喜剧 动画 奇幻 冒险
137,风之谷/Lの谷のナウシカ/风谷少女/KazenotaninoNaushika,8.9,273645,动画片的圣经。, 宫崎骏 Hayao Miyazaki, 岛本须美 Sumi Shimamoto / 松田洋治 Y...,1984,日本,动画 奇幻 冒险
138,血战钢锯岭/HacksawRidge/钢锯岭/钢铁英雄(台),8.7,559352,优秀的战争片不会美化战场，不会粉饰死亡，不会矮化敌人，不会无视常识，最重要的，不会宣扬战争。, 梅尔・吉布森 Mel Gibson, 安德鲁・加菲尔德 Andrew Garfield /...,2016,美国 澳大利亚,剧情 传记 历史 战争
139,上帝之城/CidadedeDeus/无主之城(港)/无法无天(台),8.9,223910,被上帝抛弃了的上帝之城。," 费尔南多・梅里尔斯 Fernando Meirelles / 卡迪亚・兰德 Kátia Lund??&nbsp...
2002?/?巴西 法国?/?犯罪 剧情",,2002,巴西 法国,犯罪 剧情
140,傲慢与偏见/Pride&Prejudice/傲慢与偏见2005/PrideAndPrejudice,8.6,518898,爱是摈弃傲慢与偏见之后的曙光。, 乔・怀特 Joe Wright, 凯拉・奈特莉 Keira Knightley / 马修・...,2005,法国 英国 美国,剧情 爱情
141,时空恋旅人/AboutTime/时空旅恋人/回到最爱的一天(港),8.7,373501,把每天当作最后一天般珍惜度过，积极拥抱生活，就是幸福。, 理查德・柯蒂斯 Richard Curtis, 多姆纳尔・格里森 Domhnall Gl...,2013,英国,喜剧 爱情 奇幻
142,电锯惊魂/Saw/夺魂锯(台)/恐惧斗室(港),8.7,343778,真相就在眼前。, 詹姆斯・温 James Wan, 雷・沃纳尔 Leigh Whannell / 加利・艾...,2004,美国,悬疑 惊悚 恐怖
143,教父3/TheGodfather:PartIII/教父第三集/教父III,8.9,235419,任何信念的力量，都无法改变命运。, 弗朗西斯・福特・科波拉 Francis Ford Coppola, 阿尔・帕西诺 A...,1990,美国,剧情 犯罪
144,喜宴/盅/TheWeddingBanquet,8.9,231753,中国家庭的喜怒哀乐忍。, 李安 Ang Lee, 赵文u Winston Chao / 郎雄 Sihung Lung / 归亚...,1993,中国台湾 美国,剧情 喜剧 爱情 同性 家庭
145,功夫/功夫3D/KungFuHustle,8.5,631662,警恶惩奸，维护世界和平这个任务就交给你了，好吗？, 周星驰 Stephen Chow, 周星驰 Stephen Chow / 元秋 Qiu Yuen / ...,2004,中国大陆 中国香港,动作 喜剧 犯罪 奇幻
146,谍影重重3/TheBourneUltimatum/叛谍追击3：最后通牒(港)/神鬼认证：最后通牒(台),8.8,298689,像吃了苏打饼一样干脆的电影。, 保罗・格林格拉斯 Paul Greengrass, 马特・达蒙 Matt Damon / ...,2007,美国 德国,动作 悬疑 惊悚
147,岁月神偷/q月神偷/1969太空漫游/EchoesOfTheRainbow,8.7,444320,岁月流逝，来日可追。, 罗启锐 Alex Law, 吴君如 Sandra Ng / 任达华 Simon Yam / 钟绍...,2010,中国香港 中国大陆,剧情 家庭
148,英雄本色/ABetterTomorrow/GanglandBoss,8.7,340510,英雄泪短，兄弟情长。, 吴宇森 John Woo, 周润发 Yun-Fat Chow / 狄龙 Lung Ti / 张国...,1986,中国香港,剧情 动作 犯罪
149,被解救的姜戈/DjangoUnchained/被解放的姜戈/决杀令(台),8.7,423146,热血沸腾，那个低俗、性感的无耻混蛋又来了。, 昆汀・塔伦蒂诺 Quentin Tarantino, 杰米・福克斯 Jamie Foxx /...,2012,美国,剧情 动作 西部 冒险
150,七武士/七人の侍/七侠四义(港)/TheSevenSamurai,9.2,128563,时代悲歌。, 黑泽明 Akira Kurosawa, 三船敏郎 Toshir? Mifune / 志村乔 ...,1954,日本,动作 冒险 剧情
151,天书奇谭/TheLegendofSealedBook/SecretsoftheHeavenlyBook,9.2,134842,传奇的年代，醉人的童话。, 王树忱 Shuchen Wang / 钱运达 Yunda Qian, 丁建华 Jianhua Din...,1983,中国大陆,动画 奇幻
152,疯狂原始人/TheCroods/古鲁家族(港/台),8.7,600615,老少皆宜，这就是好莱坞动画的魅力。, 科克・德・米科 Kirk De Micco / 克里斯・桑德斯 Chris Sanders,..,2013,美国,喜剧 动画 冒险
153,哪吒闹海/PrinceNezha'sTriumphAgainstDragonKing/Nezhanaohai,9.1,166255,想你时你在闹海。, 严定宪 Dingxian Yan / 王树忱 Shuchen Wang, 梁正晖 Zhenghui ...,1979,中国大陆,冒险 动画 奇幻
154,我是山姆/IAmSam/不一样的爸爸(港)/他不笨，他是我爸爸(台),8.9,202126,爱并不需要智商 。, 杰茜・尼尔森 Jessie Nelson, Sean Penn / Dakota Fanning / Mi...,2001,美国,剧情 家庭
155,心迷宫/殡棺/TheCoffinintheMountain,8.7,334866,荒诞讽刺，千奇百巧，抽丝剥茧，百转千回。, 忻钰坤 Yukun Xin, 霍卫民 Weimin Huo / 王笑天 Xiaotian Wang ...,2014,中国大陆,剧情 犯罪 悬疑
156,"三块广告牌/ThreeBillboardsOutsideEbbing,Missouri/意外(台)/广告牌杀人事件(港)",8.7,586273,怼天怼地，你走后，她与世界为敌。, 马丁・麦克唐纳 Martin McDonagh, 弗兰西斯・麦克多蒙德 France...,2017,美国 英国,剧情 犯罪
157,萤火虫之墓/火垂るの墓/再见萤火虫(港)/萤火挽歌,8.7,311274,幸福是生生不息，却难以触及的远。, 高x勋 Isao Takahata, 辰己努 / 白石绫乃 / 志乃原良子,1988,日本,动画 剧情 战争
158,纵横四海/h横四海/OnceaThief,8.8,275824,香港浪漫主义警匪动作片的巅峰之作。, 吴宇森 John Woo, 周润发 Yun-Fat Chow / 张国荣 Leslie Cheung...,1991,中国香港,剧情 喜剧 动作 犯罪
159,真爱至上/LoveActually/爱是您，爱是我(台)/真的恋爱了(港),8.6,507007,爱，是个动词。, 理查德・柯蒂斯 Richard Curtis, 休・格兰特 Hugh Grant / 柯林...,2003,英国 美国 法国,喜剧 剧情 爱情
160,人生果实/人生フル`ツ/积存时间的生活(台)/人生水果,9.5,81828,土壤没有落叶不会肥沃，没有了你就不算人生。, 伏原健之 Kenshi Fushihara, 津端修一 Sh?ichi Tsubata / 津...,2017,日本,纪录片
161,达拉斯买家俱乐部/DallasBuyersClub/续命枭雄(港)/药命俱乐部(台),8.8,312357,Jared Leto的腿比女人还美！, 让-马克・瓦雷 Jean-Marc Vallée, 马修・麦康纳 Matthew McCon...,2013,美国,剧情 传记 同性
162,头号玩家/ReadyPlayerOne/玩家一号/挑战者1号(港),8.7,979869,写给影迷，动漫迷和游戏迷的一封情书。, 史蒂文・斯皮尔伯格 Steven Spielberg, 泰伊・谢里丹 Tye Sheri...,2018,美国,动作 科幻 冒险
163,东邪西毒/|邪西毒/AshesofTime,8.6,420514,电影诗。, 王家卫 Kar Wai Wong, 张国荣 Leslie Cheung / 林青霞 Brigitte...,1994,中国香港 中国台湾,剧情 动作 爱情 武侠 古装
164,荒蛮故事/Relatossalvajes/蛮荒故事/生命中最抓狂的小事(台),8.8,282477,始于荒诞，止于更荒诞。, 达米安・斯兹弗隆 Damián Szifron, 达里奥・葛兰帝内提 Darío...,2014,阿根廷 西班牙,剧情 喜剧 犯罪
165,爆裂鼓手/Whiplash/鼓动真我(港)/进击的鼓手(台),8.7,382587,这个世界从不善待努力的人，努力了也不一定会成功，但是知道自己在努力，就是活下去的动力。, 达米恩・查泽雷 Damien Chazelle, 迈尔斯・特勒 Miles Teller /...,2014,美国,剧情 音乐
166,记忆碎片/Memento/失忆/记忆拼图(台),8.6,427102,一个针管引发的血案。, 克里斯托弗・诺兰 Christopher Nolan, 盖・皮尔斯 Guy Pearce /...,2000,美国,犯罪 剧情 悬疑 惊悚
167,贫民窟的百万富翁/SlumdogMillionaire/贫民百万富翁(台)/一百万零一夜(港),8.6,553760,上帝之城+猜火车+阿甘正传+开心辞典=山寨富翁, 丹尼・鲍尔 Danny Boyle / 洛芙琳・坦丹 Loveleen Tandan, 戴夫...,2008,英国 美国,剧情 爱情
168,黑天鹅/BlackSwan/夺命黑天鹅/霸王别鹅(豆友译名),8.6,618477,黑暗之美。, 达伦・阿罗诺夫斯基 Darren Aronofsky, 娜塔莉・波特曼 Natalie...,2010,美国,剧情 惊悚
169,釜山行/???/尸速列车(台)/尸杀列车(港),8.5,760087,揭露人性的丧尸题材力作。, 延尚昊 Sang-ho Yeon, 孔侑 Yoo Gong / 郑有美 Yu-mi Jung / 马...,2016,韩国,动作 惊悚 灾难
170,花样年华/花幽耆A/IntheMoodforLove,8.6,391481,偷情本没有这样美。, 王家卫 Kar Wai Wong, 梁朝伟 Tony Leung Chiu Wai / 张曼玉 Ma...,2000,中国香港,剧情 爱情
171,你的名字。/君の名は。/你的名字/君之名,8.4,939566,穿越错位的时空，仰望陨落的星辰，你没留下你的名字，我却无法忘记那句“我爱你”。, 新海诚 Makoto Shinkai, 神木隆之介 Ry?nosuke Kamiki / 上...,2016,日本,剧情 爱情 动画
172,卢旺达饭店/HotelRwanda/卢安达饭店(台),8.9,197672,当这个世界闭上双眼，他却敞开了怀抱。, 特瑞・乔治 Terry George, 唐・钱德尔 Don Cheadle / 苏菲・奥...,2004,英国 南非 意大利,剧情 历史 战争
173,忠犬八公物语/ハチ公物Z/八千公物语/阿八的故事,9.2,125354,养狗三日，便会对你终其一生。, Seijir? K?yama, 山本圭 Kei Yamamoto / 井川比佐志 Hisa...,1987,日本,剧情
174,头脑特工队/InsideOut/玩转脑朋友(港)/脑筋急转弯(台),8.7,402993,愿我们都不用长大，每一座城堡都能永远存在。," 彼特・道格特 Pete Docter / 罗纳尔多・德尔・卡门 Ronaldo Del Carmen??&nb...
2015?/?美国?/?喜剧 动画 冒险",,2015,美国,喜剧 动画 冒险
175,模仿游戏/TheImitationGame/解码游戏(港)/模拟游戏,8.7,417325,他给机器起名“克里斯托弗”，因为这是他初恋的名字。, 莫滕・泰杜姆 Morten Tyldum, 本尼迪克特・康伯巴奇 Benedict C...,2014,英国 美国,剧情 传记 战争 同性
176,黑客帝国3：矩阵革命/TheMatrixRevolutions/骇客任务完结篇：最后战役/廿二世纪杀人网络3：惊变世纪,8.7,283459,不得不说，《黑客帝国》系列是商业片与科幻、哲学完美结合的典范。, Andy Wachowski / Larry Wachowski, 基努・里维斯 Keanu Reeves...,2003,美国 澳大利亚,动作 科幻
177,雨人/RainMan/手足情未了(港)/手足情深,8.7,300818,生活在自己的世界里，也可以让周围的人显得可笑和渺小。, 巴瑞・莱文森 Barry Levinson, 达斯汀・霍夫曼 Dustin Hoffman ...,1988,美国,剧情
178,一个叫欧维的男人决定去死/EnmansomheterOve/明天别再来敲门(台)/想死钜(港),8.8,246715,惠及一生的美丽。, 汉内斯・赫尔姆 Hannes Holm, 罗夫・拉斯加德 Rolf Lassg?rd...,2015,瑞典,剧情
179,你看起来好像很好吃/おまえうまそうだな/你看起来很好吃(台)/你看上去好像很好吃,8.9,238384,感情不分食草或者食肉。, 藤森雅也 Masaya Fujimori, 山口胜平 Kappei Yamaguchi / 爱河...,2010,日本,剧情 动画 儿童
180,无敌破坏王/Wreck-ItRalph/破坏王拉尔夫/破坏王大冒险,8.7,366686,迪士尼和皮克斯拿错剧本的产物。, 瑞奇・莫尔 Rich Moore, 约翰・C・赖利 John C. Reilly / 萨拉...,2012,美国,喜剧 动画 奇幻 冒险
181,未麻的部屋/PerfectBlue/蓝色的恐惧/蓝色恐惧,8.9,179306,好的剧本是，就算你猜到了结局也猜不到全部。, 今敏 Satoshi Kon, 岩男润子 Junko Iwao / 松本梨香 Rica Matsu...,1997,日本,动画 奇幻 惊悚
182,哈利・波特与阿兹卡班的囚徒/HarryPotterandthePrisonerofAzkaban/哈利波特3：阿兹卡班的逃犯(港/台),8.6,366818,不一样的导演，不一样的哈利・波特。, Alfonso Cuarón, 丹尼尔・雷德克里夫 Daniel Radcliffe / Emma...,2004,英国 美国,奇幻 冒险
183,恋恋笔记本/TheNotebook/忘了・忘不了(港)/手札情缘(台),8.5,454875,爱情没有那么多借口，如果不能圆满，只能说明爱的不够。, 尼克・卡索维茨 Nick Cassavetes, 瑞恩・高斯林 Ryan Gosling /...,2004,美国,剧情 爱情
184,冰川时代/IceAge/冰河世纪/冰原历险记,8.6,441360,松鼠才是角儿。, 卡洛斯・沙尔丹哈 Carlos Saldanha / 克里斯・韦奇 Chris Wedge,..,2002,美国,喜剧 动画 冒险
185,海街日记/海街diary/海街女孩日记(港)/KamakuraDiary,8.8,265389,是枝裕和的家庭习作。, 是枝裕和 Hirokazu Koreeda, 绫濑遥 Haruka Ayase / 长泽雅美 M...,2015,日本,剧情 家庭
186,海边的曼彻斯特/ManchesterbytheSea/情系海边之城(港),8.6,341947,我们都有权利不与自己的过去和解。, 肯尼斯・罗纳根 Kenneth Lonergan, 卡西・阿弗莱克 Casey Affle...,2016,美国,剧情 家庭
187,哈利・波特与密室/HarryPotterandtheChamberofSecrets/哈利波特2：消失的密室(港/台),8.6,385769,魔法的密室之门已打开..., Chris Columbus, 丹尼尔・雷德克里夫 Daniel Radcliffe / 艾玛...,2002,美国 英国 德国,奇幻 冒险
188,新世界/???/暗黑新世界(台)/NewWorld,8.8,216130,要做就做得狠一点，这样才能活下去。, 朴勋政 Hoon-jung Park, 李政宰 Jung-Jae Lee / 崔岷植 Min-sik...,2013,韩国,剧情 犯罪
189,二十二/TwentyTwo/22,8.7,205521,有一些东西不应该被遗忘。, 郭柯 Ke Guo,,2015,中国大陆,纪录片
190,虎口脱险/Lagrandevadrouille/横冲直撞出重围(港)/大M(台),8.9,163660,永远看不腻的喜剧。, 杰拉尔・乌里 Gérard Oury, 路易・德・菲耐斯 Louis de Funès...,1966,法国 英国,喜剧 战争
191,房间/Room/不存在的房间(台)/抖室(港),8.8,274183,被偷走的岁月，被伤害的生命，被禁锢的灵魂，终将被希望和善意救赎。, 伦尼・阿伯拉罕森 Lenny Abrahamson, 布丽・拉尔森 Brie Larson...,2015,爱尔兰 加拿大 英国 美国,剧情 家庭
192,恐怖游轮/Triangle/汪洋血迷m(台)/轮回三角,8.5,544436,不要企图在重复中寻找已经失去的爱。, 克里斯托弗・史密斯 Christopher Smith, 梅利莎・乔治 Melissa ...,2009,英国 澳大利亚,剧情 悬疑 惊悚
193,雨中曲/Singin'intheRain/雨中情/万花嬉春,9,143100,骨灰级歌舞片。, 斯坦利・多南 Stanley Donen / 吉恩・凯利 Gene Kelly, 吉恩・...,1952,美国,喜剧 歌舞 爱情
194,人工智能/ArtificialIntelligence:AI/AI人工智慧,8.6,303673,对爱的执着，可以超越一切。, 史蒂文・斯皮尔伯格 Steven Spielberg, 海利・乔・奥斯蒙 Haley...,2001,美国,冒险 剧情 科幻
195,魔女宅急便/魔女の宅急便/魔女琪琪(台)/小魔女限时专送,8.6,323511,宫崎骏的电影总让人感觉世界是美好的，阳光明媚的。, 宫崎骏 Hayao Miyazaki, 高山南 Minami Takayama / 佐久间玲 Re...,1989,日本,动画 奇幻 冒险
196,惊魂记/Psycho/精神病患者/触目惊心,9,156081,故事的反转与反转，分裂电影的始祖。, 阿尔弗雷德・希区柯克 Alfred Hitchcock, 安东尼・博金斯 Antho...,1960,美国,悬疑 惊悚 恐怖
197,奇迹男孩/Wonder/奇迹,8.6,398879,世界不完美，爱会有奇迹。, 斯蒂芬・卓博斯基 Stephen Chbosky, 雅各布・特伦布莱 Jacob Tr...,2017,美国 中国香港,剧情 儿童 家庭
198,疯狂的石头/CrazyStone,8.4,551161,中国版《两杆大烟枪》。, 宁浩 Hao Ning, 郭涛 Tao Guo / 刘桦 Hua Liu / 连晋 Teddy Lin,2006,中国大陆 中国香港,喜剧 犯罪
199,海洋/Océans/Oceans/海洋,9.1,127239,大海啊，不全是水。, 雅克・贝汉 Jacques Perrin / 雅克・克鲁奥德 Jacques Cluzaud,...,2009,法国 瑞士 西班牙 美国 阿联酋,纪录片
200,罗生门/_生T/Rashomon,8.8,210129,人生的N种可能性。, 黑泽明 Akira Kurosawa, 三船敏郎 Toshir? Mifune / 京町子 ...,1950,日本,剧情 犯罪 悬疑
201,燃情岁月/LegendsoftheFall/秋日传奇/真爱一世情(台),8.8,208861,传奇，不是每个人都可以拥有。, 爱德华・兹威克 Edward Zwick, 布拉德・皮特 Brad Pitt / 安东...,1994,美国,剧情 爱情 战争 西部
202,终结者2：审判日/Terminator2:JudgmentDay/终结者2/终结者2：末日审判,8.7,243261,少见的超越首部的续集，动作片中的经典。, 詹姆斯・卡梅隆 James Cameron, 阿诺・施瓦辛格 Arnold Schwarz...,1991,美国 法国,动作 科幻
203,魂断蓝桥/WaterlooBridge/滑铁卢桥/断桥残梦,8.8,191554,中国式内在的美国电影。, 茂文・勒鲁瓦 Mervyn LeRoy, 费雯・丽 Vivien Leigh / 罗伯特・...,1940,美国,剧情 爱情 战争
204,爱在午夜降临前/BeforeMidnight/爱在午夜希腊时(台)/情约半生(港),8.8,214037,所谓爱情，就是话唠一路，都不会心生腻烦，彼此嫌弃。, 理查德・林克莱特 Richard Linklater, 伊桑・霍克 Ethan Hawke ...,2013,美国 希腊,剧情 爱情
205,穿越时空的少女/rをかける少女/跳跃吧！时空少女(台)/Tokiokakerush?jo,8.6,286438,爱上未来的你。, 细田守 Mamoru Hosoda, 仲里依纱 Riisa Naka / 石田卓也 Takuya...,2006,日本,剧情 爱情 科幻 动画
206,初恋这件小事/???????????????????????...???/初恋那件小事(港)/暗恋那点小事,8.4,737749,黑小鸭速效美白记。," 普特鹏・普罗萨卡・那・萨克那卡林 Puttipong Promsaka Na Sakolnakorn / 华森・波克彭...
2010?/?泰国?/?剧情 喜剧 爱情",,2010,泰国,剧情 喜剧 爱情
207,可可西里/Kekexili:MountainPatrol,8.8,201632,坚硬的信仰。, 陆川 Chuan Lu, 多布杰 Duobujie / 张磊 Lei Zhang / 亓亮 Qi L...,2004,中国大陆 中国香港,剧情 犯罪
208,小偷家族/万引き家族/Shoplifters/UneAffairedeFamille,8.7,559167,我们组成了家。, 是枝裕和 Hirokazu Koreeda, 中川雅也 Lily Franky / 安藤樱 Sa...,2018,日本,剧情 犯罪 家庭
209,绿里奇迹/TheGreenMile/绿色奇迹(台)/绿色英里,8.8,183183,天使暂时离开。, Frank Darabont, 汤姆・汉克斯 Tom Hanks / 大卫・摩斯 David M...,1999,美国,犯罪 剧情 奇幻 悬疑
210,2001太空漫游/2001:ASpaceOdyssey/2001：星际漫游/2001：太空奥德赛,8.8,191081,现代科幻电影的开山之作，最伟大导演的最伟大影片。, 斯坦利・库布里克 Stanley Kubrick, 凯尔・杜拉 Keir Dullea / ...,1968,英国 美国,科幻 惊悚 冒险
211,完美陌生人/Perfettisconosciuti/完美谎情(港)/波动的信息分享,8.5,388679,来啊，互相伤害啊！, 保罗・格诺维瑟 Paolo Genovese, 马可・贾利尼 Marco Giallini ...,2016,意大利,剧情 喜剧
212,牯岭街少年杀人事件/牯X街少年⑷耸录/ABrighterSummerDay,8.8,176314,弱者送给弱者的一刀。, 杨德昌 Edward Yang, 张震 Chen Chang / 杨静怡 Lisa Yang / 张...,1991,中国台湾,剧情 犯罪
213,无耻混蛋/InglouriousBasterds/恶棍特工(台)/希魔撞正杀人狂(港),8.6,342485,昆汀同学越来越变态了，比北野武还杜琪峰。, Quentin Tarantino, 布拉德・皮特 Brad Pitt / 梅拉尼・罗兰 M...,2009,德国 美国,剧情 犯罪
214,阿飞正传/阿w正/DaysofBeingWild,8.5,343801,王家卫是一种风格，张国荣是一个代表。, 王家卫 Kar Wai Wong, 张国荣 Leslie Cheung / 张曼玉 Maggie C...,1990,中国香港,犯罪 剧情 爱情
215,香水/Perfume:TheStoryofaMurderer/香水：一个杀人犯的故事/香水：一个谋杀犯的故事,8.5,408407,一个单凭体香达到高潮的男人。, 汤姆・提克威 Tom Tykwer, 本・卫肖 Ben Whishaw / 艾伦・瑞克...,2006,德国 法国 西班牙 美国,剧情 犯罪 奇幻
216,新龙门客栈/新T客/NewDragonGateInn,8.6,306284,嬉笑怒骂，调风动月。, 李惠民 Raymond Lee, 张曼玉 Maggie Cheung / 林青霞 Brigitte ...,1992,中国香港 中国大陆,动作 爱情 武侠 古装
217,源代码/SourceCode/启动原始码(台)/危机解密(港),8.4,588042,邓肯・琼斯继《月球》之后再度奉献出一部精彩绝伦的科幻佳作。, 邓肯・琼斯 Duncan Jones, 杰克・吉伦哈尔 Jake Gyllenhaal / ...,2011,美国 加拿大,科幻 悬疑 惊悚
218,谍影重重2/TheBourneSupremacy/叛谍追击2：机密圈套(港)/神鬼认证：神鬼疑云(台),8.6,252431,谁说王家卫镜头很晃？, 保罗・格林格拉斯 Paul Greengrass, 马特・达蒙 Matt Damon / ...,2004,美国 德国,动作 悬疑 惊悚
219,城市之光/CityLights/CityLights:AComedyRomanceinPantomime/LichterderGro?stadt,9.3,83586,永远的小人物，伟大的卓别林。, Charles Chaplin, 查理・卓别林 Charles Chaplin / 弗吉尼亚・...,1931,美国,喜剧 剧情 爱情
220,谍影重重/TheBourneIdentity/叛谍追击(港)/神鬼认证(台),8.6,301777,哗啦啦啦啦，天在下雨，哗啦啦啦啦，云在哭泣……找自己。, 道格・里曼 Doug Liman, 马特・达蒙 Matt Damon / 弗兰卡・波坦...,2002,美国 德国 捷克,动作 悬疑 惊悚
221,猜火车/Trainspotting/迷幻列车(港)/定位的火车,8.5,332840,不可猜的青春迷笛。, 丹尼・博伊尔 Danny Boyle, 伊万・麦克格雷格 Ewan McGregor / ...,1996,英国,剧情 犯罪
222,青蛇/GreenSnake,8.5,352468,人生如此，浮生如斯。谁人言，花彼岸，此生情长意短。谁都是不懂爱的罢了。, 徐克 Hark Tsui, 张曼玉 Maggie Cheung / 王祖贤 Joey Wang / ...,1993,中国香港,剧情 爱情 奇幻 古装
223,战争之王/LordofWar/军火之王(台/港),8.6,254696,做一颗让别人需要你的棋子。, 安德鲁・尼科尔 Andrew Niccol, 尼古拉斯・凯奇 Nicolas Cage /...,2005,美国 法国,剧情 犯罪
224,地球上的星星/TaareZameenPar/心中的小星星(台)/每一个孩子都是特别的,8.9,143725,天使保护事件始末。, 阿米尔・汗 Aamir Khan, 达席尔・萨法瑞 Darsheel Safary / 阿...,2007,印度,剧情 儿童 家庭
225,血钻/BloodDiamond/血钻石(台)/血腥钻石,8.6,242911,每个美丽事物背后都是滴血的现实。, 爱德华・兹威克 Edward Zwick, 莱昂纳多・迪卡普里奥 Leonardo ...,2006,美国 德国,剧情 惊悚 冒险
226,朗读者/TheReader/为爱朗读(台)/读爱(港),8.6,362448,当爱情跨越年龄的界限，它似乎能变得更久远一点，成为一种责任，一种水到渠成的相濡以沫。, 史蒂芬・戴德利 Stephen Daldry, 凯特・温丝莱特 Kate Winslet ...,2008,美国 德国,剧情 爱情
227,浪潮/DieWelle/恶魔教室(台)/白恤暴潮(港),8.7,197056,世界离独裁只有五天。, 丹尼斯・甘塞尔 Dennis Gansel, 尤尔根・沃格尔 Jürgen Vogel ...,2008,德国,剧情 惊悚
228,色，戒/色|戒/色・戒,8.4,459405,假戏真情，爱欲深海, 李安 Ang Lee, 梁朝伟 Tony Leung Chiu Wai / 汤唯 Wei Tang / ...,2007,中国台湾 中国大陆 美国 中国香港,剧情 爱情 情色
229,彗星来的那一夜/Coherence/相干性/相干效应,8.5,342820,小成本大魅力。, 詹姆斯・沃德・布柯特 James Ward Byrkit, 艾米丽・芭尔多尼 Em...,2013,美国 英国,科幻 悬疑 惊悚
230,遗愿清单/TheBucketList/玩转身前事(港)/一路玩到挂(台),8.6,249648,用剩余不多的时间，去燃烧整个生命。, 罗伯・莱纳 Rob Reiner, 杰克・尼科尔森 Jack Nicholson / 摩根...,2007,美国,冒险 喜剧 剧情
231,疯狂的麦克斯4：狂暴之路/MadMax:FuryRoad/末日先锋：战甲飞车(港)/疯狂麦斯：愤怒道(台),8.6,354430,“多么美好的一天！”轰轰轰砰咚，啪哒哒哒轰隆隆，磅~, 乔治・米勒 George Miller, 汤姆・哈迪 Tom Hardy / 查理兹・塞...,2015,澳大利亚 美国,动作 科幻 冒险
232,大佛普拉斯/TheGreatBuddha+,8.7,256362,人们可以登上月球，却永远无法探索人们内心的宇宙。, 黄信尧 Hsin-yao Huang, 庄益增 Yizeng Zhuang / 陈竹N Chu-sh...,2017,中国台湾,剧情 喜剧 犯罪
233,步履不停/iいてもiいても/横山家之味(港/台),8.8,172161,日本的家庭电影已经是世界巅峰了，步履不停是巅峰中的佳作。, 是枝裕和 Hirokazu Koreeda, 阿部宽 Hiroshi Abe / 夏川结衣 Yu...,2008,日本,剧情 家庭
234,小萝莉的猴神大叔/BajrangiBhaijaan/娃娃返乡任务(台)/宝莱坞之钢铁奶爸(台),8.4,338510,宝莱坞的萝莉与大叔。, 卡比尔・汗 Kabir Khan, 萨尔曼・汗 Salman Khan / 哈莎莉・马...,2015,印度,剧情 喜剧 动作
235,再次出发之纽约遇见你/BeginAgain/再次出发/歌曲改变人生,8.5,290352,爱我就给我看你的播放列表。, 约翰・卡尼 John Carney, 凯拉・奈特莉 Keira Knightley / 马克...,2013,美国,喜剧 爱情 音乐
236,聚焦/Spotlight/焦点追击(港)/惊爆焦点(台),8.8,201807,新闻人的理性求真。, 托马斯・麦卡锡 Thomas McCarthy, 马克・鲁弗洛 Mark Ruffalo /...,2015,美国,剧情 传记
237,追随/Following/跟踪(台)/致命追踪,8.9,126689,诺兰的牛逼来源于内心散发出的恐惧。, 克里斯托弗・诺兰 Christopher Nolan, 杰里米・西奥伯德 Jeremy...,1998,英国,犯罪 悬疑 惊悚
238,东京物语/|京物Z/东京故事/TokyoStory,9.2,87137,东京那么大，如果有一天走失了，恐怕一辈子不能再相见。, 小津安二郎 Yasujir? Ozu, 笠智众 Chish? Ry? / 原节...,1953,日本,剧情 家庭
239,驴得水/Mr.Donkey,8.3,634136,过去的如果就让它过去了，未来只会越来越糟！, 周申 Shen Zhou / 刘露 Lu Liu, 任素汐 Suxi Ren / 大力 Da Li ...,2016,中国大陆,剧情 喜剧
240,一次别离/????????????????/分居风暴(台)/伊朗式分居(港),8.7,190817,只有有信仰的人才能说出事实真相。, 阿斯哈・法哈蒂 Asghar Farhadi, 佩曼・莫阿迪 Peyman Moadi /...,2011,伊朗 法国,剧情 家庭
241,黑鹰坠落/BlackHawkDown/黑鹰15小时(港)/黑鹰计划(台),8.7,201606,还原真实而残酷的战争。, 雷德利・斯科特 Ridley Scott, 乔什・哈奈特 Josh Hartnett / ...,2001,美国,动作 历史 战争
242,千钧一发/Gattaca/变种异煞/自然人,8.8,163810,一部能引人思考的科幻励志片。, 安德鲁・尼科尔 Andrew Niccol, 伊桑・霍克 Ethan Hawke / 乌玛...,1997,美国,剧情 科幻 惊悚
243,我爱你/????????/爱你/爱，是一生相伴(台),9,104173,你要相信，这世上真的有爱存在，不管在什么年纪, 秋昌民 Chang-min Choo, 宋在河 Jae-ho Song / 李顺载 Soon-jae...,2011,韩国,剧情 爱情
244,发条橙/AClockworkOrange/发条桔子/发条橙子,8.5,272603,我完全康复了。, Stanley Kubrick, Malcolm McDowell / Patrick Magee / Michael...,1971,英国 美国,犯罪 剧情 科幻
245,四个春天/FourSprings,8.9,112259,来也匆匆去也匆匆，就这样风雨兼程。, 陆庆屹 Lu Qing Yi, 陆运坤 Yunkun Lu / 李桂贤 Guixian Li / ...,2017,中国大陆,纪录片 家庭
246,网络谜踪/Searching/人肉搜寻(港)/人肉搜索(台),8.6,365255,, 阿尼什・查甘蒂 Aneesh Chaganty, 约翰・赵 John Cho / 米切尔...,2018,美国 俄罗斯,剧情 犯罪 悬疑 惊悚
247,E.T.外星人/E.T.:TheExtra-Terrestrial/外星人E.T./外星人,8.6,249246,生病的E.T.皮肤的颜色就像柿子饼。, 史蒂文・斯皮尔伯格 Steven Spielberg, 亨利・托马斯 Henry Tho...,1982,美国,剧情 科幻
248,撞车/Crash/冲击效应/冲撞,8.6,244428,天使与魔鬼的冲撞。, 保罗・哈吉斯 Paul Haggis, 桑德拉・布洛克 Sandra Bullock / ...,2004,美国 德国,犯罪 剧情
249,变脸/Face/Off/夺面双雄/夺命双雄,8.5,310272,当发哥的风衣、墨镜出现在了凯奇身上??, 吴宇森 John Woo, 约翰・特拉沃尔塔 John Travolta / 尼古拉斯...,1997,美国,动作 科幻 犯罪 惊悚
250,梦之安魂曲/RequiemforaDream/噩梦挽歌(台)/迷上瘾(港),8.7,160244,一场没有春天的噩梦。, 达伦・阿伦诺夫斯基 Darren Aronofsky, 艾伦・伯斯汀 Ellen Bur...,2000,美国,剧情
